time_s,raw,filtered
0.009,-142311.0,-142419.89
0.02,-142511.0,-142429.0
0.032,-142977.0,-142483.8
0.043,-143355.0,-142570.92
0.055,-143151.0,-142628.92
0.067,-143423.0,-142708.33
0.078,-143679.0,-142805.39
0.09,-143194.0,-142844.25
0.101,-142697.0,-142829.52
0.113,-143098.0,-142856.36
0.125,-142605.0,-142831.22
0.136,-142615.0,-142809.59
0.148,-143096.0,-142838.23
0.159,-143018.0,-142856.2
0.171,-142910.0,-142861.58
0.183,-142571.0,-142832.52
0.194,-143030.0,-142852.27
0.206,-142828.0,-142849.84
0.217,-142950.0,-142859.86
0.229,-143185.0,-142892.38
0.241,-143239.0,-142927.03
0.252,-143350.0,-142969.33
0.264,-143640.0,-143036.39
0.275,-143137.0,-143046.45
0.287,-142568.0,-142998.61
0.299,-142969.0,-142995.64
0.31,-143091.0,-143005.17
0.322,-142961.0,-143000.75
0.333,-143040.0,-143004.67
0.345,-143455.0,-143049.7
0.356,-143266.0,-143071.33
0.368,-143335.0,-143097.7
0.38,-143642.0,-143152.12
0.391,-143689.0,-143205.81
0.403,-143067.0,-143191.92
0.414,-143263.0,-143199.03
0.426,-143184.0,-143197.53
0.438,-142965.0,-143174.28
0.449,-143272.0,-143184.05
0.461,-143506.0,-143216.23
0.472,-143678.0,-143262.41
0.484,-143776.0,-143313.77
0.496,-143668.0,-143349.19
0.507,-143331.0,-143347.36
0.519,-143223.0,-143334.92
0.53,-143323.0,-143333.73
0.542,-143414.0,-143341.77
0.554,-143498.0,-143357.39
0.565,-143947.0,-143416.34
0.577,-143659.0,-143440.61
0.588,-143999.0,-143496.45
0.6,-143855.0,-143532.31
0.612,-143562.0,-143535.28
0.623,-143194.0,-143501.16
0.635,-143213.0,-143472.34
0.646,-143314.0,-143456.52
0.658,-143346.0,-143445.45
0.669,-143292.0,-143430.11
0.681,-143125.0,-143399.59
0.693,-143420.0,-143401.64
0.704,-143873.0,-143448.78
0.716,-143864.0,-143490.3
0.727,-143368.0,-143478.06
0.739,-143620.0,-143492.25
0.751,-143690.0,-143512.03
0.762,-143489.0,-143509.73
0.774,-143767.0,-143535.45
0.785,-144188.0,-143600.7
0.797,-144076.0,-143648.23
0.809,-143882.0,-143671.61
0.82,-144014.0,-143705.84
0.832,-144331.0,-143768.36
0.843,-144208.0,-143812.33
0.855,-143985.0,-143829.59
0.867,-143808.0,-143827.44
0.878,-143962.0,-143840.89
0.89,-143736.0,-143830.39
0.901,-143969.0,-143844.25
0.913,-143880.0,-143847.83
0.924,-143696.0,-143832.64
0.936,-144069.0,-143856.28
0.948,-143800.0,-143850.66
0.959,-143820.0,-143847.59
0.971,-144205.0,-143883.33
0.982,-143972.0,-143892.19
0.994,-143707.0,-143873.67
1.006,-144291.0,-143915.41
1.017,-144321.0,-143955.95
1.029,-144467.0,-144007.05
1.04,-144126.0,-144018.94
1.052,-143738.0,-143990.84
1.064,-143912.0,-143982.95
1.075,-144255.0,-144010.16
1.087,-143723.0,-143981.44
1.098,-143710.0,-143954.3
1.11,-144199.0,-143978.77
1.122,-144457.0,-144026.58
1.133,-143937.0,-144017.61
1.145,-144256.0,-144041.44
1.156,-144429.0,-144080.19
1.168,-144384.0,-144110.56
1.18,-144053.0,-144104.8
1.191,-144177.0,-144112.02
1.203,-144093.0,-144110.11
1.214,-143886.0,-144087.69
1.226,-143766.0,-144055.52
1.237,-143935.0,-144043.47
1.249,-144317.0,-144070.81
1.261,-144326.0,-144096.33
1.272,-144337.0,-144120.39
1.284,-144152.0,-144123.55
1.295,-144109.0,-144122.09
1.307,-144181.0,-144127.98
1.319,-144137.0,-144128.88
1.33,-144787.0,-144194.69
1.342,-144805.0,-144255.72
1.353,-144443.0,-144274.44
1.365,-144561.0,-144303.09
1.377,-144597.0,-144332.48
1.388,-144227.0,-144321.94
1.4,-144535.0,-144343.25
1.411,-144278.0,-144336.72
1.423,-144137.0,-144316.75
1.435,-144566.0,-144341.67
1.446,-144521.0,-144359.59
1.458,-144531.0,-144376.73
1.469,-144785.0,-144417.56
1.481,-144892.0,-144465.0
1.493,-144889.0,-144507.41
1.504,-144838.0,-144540.47
1.516,-144678.0,-144554.22
1.527,-145096.0,-144608.39
1.539,-144983.0,-144645.84
1.55,-144540.0,-144635.27
1.562,-144148.0,-144586.53
1.574,-144485.0,-144576.38
1.585,-146043.0,-144723.03
1.597,-146890.0,-144939.73
1.608,-146835.0,-145129.27
1.62,-146160.0,-145232.34
1.632,-145368.0,-145245.91
1.643,-145488.0,-145270.11
1.655,-145434.0,-145286.5
1.666,-145532.0,-145311.05
1.678,-145327.0,-145312.64
1.69,-145172.0,-145298.58
1.701,-145568.0,-145325.52
1.713,-145383.0,-145331.27
1.724,-145397.0,-145337.83
1.736,-145048.0,-145308.84
1.748,-144927.0,-145270.66
1.759,-145194.0,-145262.98
1.771,-144875.0,-145224.19
1.782,-144698.0,-145171.56
1.794,-144557.0,-145110.11
1.805,-144709.0,-145070.0
1.817,-145045.0,-145067.5
1.829,-144952.0,-145055.95
1.84,-144608.0,-145011.16
1.852,-144995.0,-145009.55
1.863,-145499.0,-145058.48
1.875,-144832.0,-145035.83
1.887,-144608.0,-144993.05
1.898,-144648.0,-144958.55
1.91,-144673.0,-144929.98
1.921,-145223.0,-144959.28
1.933,-144850.0,-144948.36
1.945,-144922.0,-144945.72
1.956,-144702.0,-144921.34
1.968,-144669.0,-144896.11
1.979,-144742.0,-144880.69
1.991,-145010.0,-144893.62
2.003,-145170.0,-144921.27
2.014,-145020.0,-144931.14
2.026,-145215.0,-144959.53
2.037,-145283.0,-144991.88
2.049,-145415.0,-145034.19
2.061,-145470.0,-145077.77
2.072,-145731.0,-145143.08
2.084,-145871.0,-145215.86
2.095,-145156.0,-145209.88
2.107,-145348.0,-145223.69
2.118,-145774.0,-145278.72
2.13,-145574.0,-145308.25
2.142,-145083.0,-145285.72
2.153,-144822.0,-145239.34
2.165,-145195.0,-145234.91
2.176,-145172.0,-145228.61
2.188,-145249.0,-145230.64
2.2,-145490.0,-145256.58
2.211,-146123.0,-145343.22
2.223,-146418.0,-145450.69
2.234,-145938.0,-145499.42
2.246,-145282.0,-145477.67
2.258,-145698.0,-145499.7
2.269,-145695.0,-145519.23
2.281,-145644.0,-145531.7
2.292,-145370.0,-145515.53
2.304,-145093.0,-145473.28
2.316,-145993.0,-145525.25
2.327,-145738.0,-145546.52
2.339,-145550.0,-145546.86
2.35,-145231.0,-145515.27
2.362,-145023.0,-145466.03
2.374,-145148.0,-145434.22
2.385,-146145.0,-145505.3
2.397,-146356.0,-145590.36
2.408,-146027.0,-145634.02
2.42,-145907.0,-145661.31
2.431,-145782.0,-145673.38
2.443,-145801.0,-145686.12
2.455,-145470.0,-145664.52
2.466,-145334.0,-145631.47
2.478,-145546.0,-145622.92
2.489,-145563.0,-145616.92
2.501,-145623.0,-145617.53
2.513,-145587.0,-145614.47
2.524,-145595.0,-145612.52
2.536,-145824.0,-145633.66
2.547,-145356.0,-145605.89
2.559,-145309.0,-145576.2
2.571,-145670.0,-145585.58
2.582,-145250.0,-145552.02
2.594,-145468.0,-145543.61
2.605,-145708.0,-145560.05
2.617,-145530.0,-145557.05
2.629,-145787.0,-145580.03
2.64,-145837.0,-145605.72
2.652,-146090.0,-145654.14
2.663,-145989.0,-145687.62
2.675,-145462.0,-145665.06
2.686,-145364.0,-145634.95
2.698,-145891.0,-145660.55
2.71,-145456.0,-145640.08
2.721,-145591.0,-145635.16
2.733,-145310.0,-145602.64
2.744,-145315.0,-145573.88
2.756,-145464.0,-145562.89
2.768,-145529.0,-145559.5
2.779,-145619.0,-145565.45
2.791,-145765.0,-145585.41
2.802,-145332.0,-145560.06
2.814,-145191.0,-145523.16
2.826,-145258.0,-145496.64
2.837,-145698.0,-145516.78
2.849,-146154.0,-145580.5
2.86,-146189.0,-145641.34
2.872,-146670.0,-145744.2
2.884,-146896.0,-145859.38
2.895,-147083.0,-145981.73
2.907,-146938.0,-146077.36
2.918,-146823.0,-146151.92
2.93,-147033.0,-146240.02
2.942,-147278.0,-146343.81
2.953,-146542.0,-146363.62
2.965,-146357.0,-146362.97
2.976,-146597.0,-146386.38
2.988,-146554.0,-146403.14
2.999,-146239.0,-146386.73
3.011,-146045.0,-146352.56
3.023,-146174.0,-146334.7
3.034,-146295.0,-146330.73
3.046,-146744.0,-146372.06
3.057,-146808.0,-146415.66
3.069,-147152.0,-146489.3
3.081,-147121.0,-146552.45
3.092,-147160.0,-146613.2
3.104,-147713.0,-146723.17
3.115,-148442.0,-146895.05
3.127,-148834.0,-147088.94
3.139,-149024.0,-147282.45
3.15,-149403.0,-147494.5
3.162,-149915.0,-147736.55
3.173,-150321.0,-147994.98
3.185,-150087.0,-148204.19
3.197,-150068.0,-148390.56
3.208,-149420.0,-148493.5
3.22,-148877.0,-148531.84
3.231,-148513.0,-148529.95
3.243,-148542.0,-148531.16
3.255,-149232.0,-148601.23
3.266,-149132.0,-148654.31
3.278,-148671.0,-148655.97
3.289,-148083.0,-148598.67
3.301,-148187.0,-148557.5
3.312,-148272.0,-148528.95
3.324,-148012.0,-148477.25
3.336,-147847.0,-148414.22
3.347,-147317.0,-148304.5
3.359,-147409.0,-148214.95
3.37,-147137.0,-148107.16
3.382,-146926.0,-147989.03
3.394,-147610.0,-147951.12
3.405,-147824.0,-147938.42
3.417,-147911.0,-147935.67
3.428,-147528.0,-147894.89
3.44,-147780.0,-147883.39
3.452,-147817.0,-147876.75
3.463,-147546.0,-147843.67
3.475,-147666.0,-147825.89
3.486,-147522.0,-147795.5
3.498,-147112.0,-147727.16
3.51,-147541.0,-147708.53
3.521,-147682.0,-147705.88
3.533,-147507.0,-147685.98
3.544,-147422.0,-147659.58
3.556,-146990.0,-147592.61
3.567,-146894.0,-147522.75
3.579,-146559.0,-147426.38
3.591,-146261.0,-147309.83
3.602,-146600.0,-147238.84
3.614,-146542.0,-147169.16
3.625,-146317.0,-147083.94
3.637,-146220.0,-146997.55
3.649,-146026.0,-146900.38
3.66,-146351.0,-146845.42
3.672,-146751.0,-146835.97
3.683,-146739.0,-146826.28
3.695,-146709.0,-146814.56
3.707,-146499.0,-146783.02
3.718,-146173.0,-146722.0
3.73,-146121.0,-146661.89
3.741,-146633.0,-146659.0
3.753,-146595.0,-146652.59
3.765,-146497.0,-146637.03
3.776,-146575.0,-146630.83
3.788,-146652.0,-146632.94
3.799,-146477.0,-146617.34
3.811,-146558.0,-146611.41
3.823,-146655.0,-146615.77
3.834,-146755.0,-146629.69
3.846,-146587.0,-146625.42
3.857,-146400.0,-146602.88
3.869,-146448.0,-146587.38
3.88,-146469.0,-146575.55
3.892,-146242.0,-146542.19
3.904,-146144.0,-146502.38
3.915,-146557.0,-146507.84
3.927,-146821.0,-146539.16
3.938,-146776.0,-146562.83
3.95,-146410.0,-146547.55
3.962,-146963.0,-146589.08
3.973,-146732.0,-146603.38
3.985,-146659.0,-146608.94
3.996,-146770.0,-146625.05
4.008,-146602.0,-146622.73
4.02,-146530.0,-146613.45
4.031,-146843.0,-146636.41
4.043,-147158.0,-146688.56
4.054,-146584.0,-146678.11
4.066,-146623.0,-146672.59
4.078,-146371.0,-146642.42
4.089,-146239.0,-146602.08
4.101,-146455.0,-146587.36
4.112,-146595.0,-146588.12
4.124,-146735.0,-146602.81
4.136,-146483.0,-146590.83
4.147,-146570.0,-146588.73
4.159,-146823.0,-146612.16
4.17,-146838.0,-146634.73
4.182,-146873.0,-146658.55
4.193,-147065.0,-146699.19
4.205,-146771.0,-146706.36
4.217,-146457.0,-146681.42
4.228,-146314.0,-146644.69
4.24,-146196.0,-146599.81
4.251,-146290.0,-146568.83
4.263,-145992.0,-146511.14
4.275,-145914.0,-146451.42
4.286,-146586.0,-146464.88
4.298,-146501.0,-146468.48
4.309,-146667.0,-146488.33
4.321,-146798.0,-146519.28
4.333,-146567.0,-146524.05
4.344,-146533.0,-146524.94
4.356,-146604.0,-146532.84
4.367,-146462.0,-146525.77
4.379,-146330.0,-146506.19
4.391,-146282.0,-146483.77
4.402,-146610.0,-146496.39
4.414,-146696.0,-146516.34
4.425,-146719.0,-146536.61
4.437,-147198.0,-146602.73
4.448,-146831.0,-146625.55
4.46,-147236.0,-146686.58
4.472,-146879.0,-146705.83
4.483,-146995.0,-146734.73
4.495,-146503.0,-146711.55
4.506,-146504.0,-146690.8
4.518,-146922.0,-146713.92
4.53,-146816.0,-146724.12
4.541,-146591.0,-146710.8
4.553,-146373.0,-146677.02
4.564,-146554.0,-146664.72
4.576,-146616.0,-146659.84
4.588,-146687.0,-146662.56
4.599,-147173.0,-146713.59
4.611,-147051.0,-146747.33
4.622,-146710.0,-146743.59
4.634,-146652.0,-146734.44
4.646,-146566.0,-146717.58
4.657,-147015.0,-146747.31
4.669,-146878.0,-146760.38
4.68,-146668.0,-146751.12
4.692,-146591.0,-146735.11
4.704,-146770.0,-146738.59
4.715,-146693.0,-146734.03
4.727,-146390.0,-146699.62
4.738,-146264.0,-146656.06
4.75,-145899.0,-146580.36
4.761,-146005.0,-146522.81
4.773,-146420.0,-146512.53
4.785,-146365.0,-146497.78
4.796,-146301.0,-146478.09
4.808,-146585.0,-146488.78
4.819,-146564.0,-146496.31
4.831,-146626.0,-146509.27
4.843,-146174.0,-146475.73
4.854,-146283.0,-146456.45
4.866,-146660.0,-146476.8
4.877,-146998.0,-146528.91
4.889,-146956.0,-146571.61
4.901,-146693.0,-146583.73
4.912,-146414.0,-146566.77
4.924,-146190.0,-146529.08
4.935,-146025.0,-146478.67
4.947,-146179.0,-146448.7
4.959,-146490.0,-146452.83
4.97,-146584.0,-146465.95
4.982,-146524.0,-146471.77
4.993,-146284.0,-146452.98
5.005,-146642.0,-146471.89
5.017,-146416.0,-146466.3
5.028,-146121.0,-146431.75
5.04,-145745.0,-146363.08
5.051,-145748.0,-146301.56
5.063,-146229.0,-146294.31
5.074,-146212.0,-146286.08
5.086,-146139.0,-146271.38
5.098,-145933.0,-146237.53
5.109,-145729.0,-146186.69
5.121,-145894.0,-146157.42
5.132,-146128.0,-146154.47
5.144,-145930.0,-146132.02
5.156,-146165.0,-146135.31
5.167,-146101.0,-146131.88
5.179,-146047.0,-146123.39
5.19,-146634.0,-146174.45
5.202,-146694.0,-146226.41
5.214,-146692.0,-146272.97
5.225,-146728.0,-146318.47
5.237,-146574.0,-146344.03
5.248,-146634.0,-146373.03
5.26,-146456.0,-146381.31
5.272,-146149.0,-146358.08
5.283,-146137.0,-146335.97
5.295,-145616.0,-146263.97
5.306,-146470.0,-146284.56
5.318,-146589.0,-146315.02
5.329,-145995.0,-146283.02
5.341,-146640.0,-146318.7
5.353,-146645.0,-146351.33
5.364,-146603.0,-146376.48
5.376,-146270.0,-146365.83
5.387,-146073.0,-146336.53
5.399,-146341.0,-146336.97
5.411,-146108.0,-146314.06
5.422,-145776.0,-146260.25
5.434,-145949.0,-146229.12
5.445,-146792.0,-146285.41
5.457,-146663.0,-146323.16
5.469,-146819.0,-146372.75
5.48,-146330.0,-146368.47
5.492,-145945.0,-146326.12
5.503,-146339.0,-146327.42
5.515,-146549.0,-146349.58
5.527,-145936.0,-146308.2
5.538,-145948.0,-146272.17
5.55,-146786.0,-146323.55
5.561,-146291.0,-146320.28
5.573,-146371.0,-146325.34
5.585,-146120.0,-146304.81
5.596,-146168.0,-146291.12
5.608,-146569.0,-146318.92
5.619,-146302.0,-146317.23
5.631,-146298.0,-146315.3
5.642,-146201.0,-146303.86
5.654,-145679.0,-146241.38
5.666,-145942.0,-146211.44
5.677,-146438.0,-146234.09
5.689,-146607.0,-146271.39
5.7,-145999.0,-146244.16
5.712,-145955.0,-146215.23
5.724,-146215.0,-146215.2
5.735,-145919.0,-146185.58
5.747,-146360.0,-146203.02
5.758,-146625.0,-146245.2
5.77,-146824.0,-146303.08
5.782,-147361.0,-146408.86
5.793,-147896.0,-146557.56
5.805,-148159.0,-146717.7
5.816,-148624.0,-146908.33
5.828,-149638.0,-147181.28
5.84,-149828.0,-147445.95
5.851,-149977.0,-147699.06
5.863,-149851.0,-147914.25
5.874,-149506.0,-148073.42
5.886,-148651.0,-148131.17
5.897,-148866.0,-148204.64
5.909,-149668.0,-148350.97
5.921,-150249.0,-148540.78
5.932,-150703.0,-148757.0
5.944,-150445.0,-148925.8
5.955,-150353.0,-149068.52
5.967,-149438.0,-149105.45
5.979,-148405.0,-149035.41
5.99,-147301.0,-148861.95
6.002,-147011.0,-148676.84
6.013,-146663.0,-148475.45
6.025,-146448.0,-148272.7
6.037,-146191.0,-148064.52
6.048,-146382.0,-147896.27
6.06,-146248.0,-147731.44
6.071,-146048.0,-147563.09
6.083,-146214.0,-147428.19
6.095,-146436.0,-147328.95
6.106,-146537.0,-147249.75
6.118,-146459.0,-147170.67
6.129,-146113.0,-147064.89
6.141,-146599.0,-147018.3
6.152,-146443.0,-146960.77
6.164,-146380.0,-146902.69
6.176,-146744.0,-146886.83
6.187,-146963.0,-146894.44
6.199,-147070.0,-146911.98
6.21,-146711.0,-146891.88
6.222,-146895.0,-146892.19
6.234,-146743.0,-146877.27
6.245,-147032.0,-146892.73
6.257,-147179.0,-146921.36
6.268,-146834.0,-146912.62
6.28,-146400.0,-146861.36
6.292,-146343.0,-146809.52
6.303,-146612.0,-146789.77
6.315,-147028.0,-146813.58
6.326,-147074.0,-146839.62
6.338,-146624.0,-146818.06
6.35,-146875.0,-146823.75
6.361,-146903.0,-146831.67
6.373,-147233.0,-146871.8
6.384,-146750.0,-146859.61
6.396,-146466.0,-146820.23
6.408,-146661.0,-146804.3
6.419,-146952.0,-146819.06
6.431,-147044.0,-146841.56
6.442,-146521.0,-146809.5
6.454,-146412.0,-146769.75
6.465,-146656.0,-146758.36
6.477,-146679.0,-146750.42
6.489,-146746.0,-146749.97
6.5,-146819.0,-146756.88
6.512,-146770.0,-146758.19
6.523,-146773.0,-146759.66
6.535,-146618.0,-146745.48
6.547,-146685.0,-146739.44
6.558,-146495.0,-146714.98
6.57,-146752.0,-146718.69
6.581,-147254.0,-146772.22
6.593,-147040.0,-146799.0
6.605,-146890.0,-146808.09
6.616,-146822.0,-146809.48
6.628,-146428.0,-146771.33
6.639,-146754.0,-146769.59
6.651,-147181.0,-146810.72
6.663,-147333.0,-146862.94
6.674,-147120.0,-146888.64
6.686,-146817.0,-146881.47
6.697,-147051.0,-146898.41
6.709,-146776.0,-146886.16
6.72,-146416.0,-146839.12
6.732,-146684.0,-146823.61
6.744,-146629.0,-146804.16
6.755,-146375.0,-146761.23
6.767,-146233.0,-146708.41
6.778,-146561.0,-146693.66
6.79,-147041.0,-146728.38
6.802,-146655.0,-146721.03
6.813,-147020.0,-146750.92
6.825,-146613.0,-146737.12
6.836,-146321.0,-146695.5
6.848,-146744.0,-146700.36
6.86,-146942.0,-146724.52
6.871,-147047.0,-146756.77
6.883,-146823.0,-146763.38
6.894,-146925.0,-146779.53
6.906,-146800.0,-146781.58
6.918,-146781.0,-146781.52
6.929,-146836.0,-146786.95
6.941,-146711.0,-146779.34
6.952,-146916.0,-146793.0
6.964,-146739.0,-146787.61
6.975,-146631.0,-146771.94
6.987,-146340.0,-146728.73
6.999,-146599.0,-146715.77
7.01,-146689.0,-146713.09
7.022,-147011.0,-146742.88
7.033,-146933.0,-146761.88
7.045,-146780.0,-146763.69
7.057,-147097.0,-146797.02
7.068,-147232.0,-146840.52
7.08,-147408.0,-146897.25
7.091,-147270.0,-146934.52
7.103,-146824.0,-146923.47
7.115,-147267.0,-146957.83
7.126,-147217.0,-146983.75
7.138,-146677.0,-146953.08
7.149,-146326.0,-146890.36
7.161,-146725.0,-146873.81
7.173,-146718.0,-146858.22
7.184,-146337.0,-146806.09
7.196,-146765.0,-146801.98
7.207,-146807.0,-146802.48
7.219,-146632.0,-146785.44
7.231,-146758.0,-146782.69
7.242,-146783.0,-146782.72
7.254,-146664.0,-146770.84
7.265,-146674.0,-146761.16
7.277,-146842.0,-146769.23
7.288,-146925.0,-146784.81
7.3,-146454.0,-146751.73
7.312,-146197.0,-146696.27
7.323,-146965.0,-146723.14
7.335,-146907.0,-146741.53
7.346,-146764.0,-146743.78
7.358,-146808.0,-146750.2
7.37,-146857.0,-146760.88
7.381,-146917.0,-146776.48
7.393,-146831.0,-146781.92
7.404,-146788.0,-146782.52
7.416,-146447.0,-146748.97
7.428,-146490.0,-146723.06
7.439,-146615.0,-146712.25
7.451,-146265.0,-146667.52
7.462,-146553.0,-146656.06
7.474,-146305.0,-146620.95
7.486,-146363.0,-146595.16
7.497,-146633.0,-146598.94
7.509,-146854.0,-146624.45
7.52,-146695.0,-146631.5
7.532,-146785.0,-146646.84
7.543,-146810.0,-146663.16
7.555,-146904.0,-146687.25
7.567,-146891.0,-146707.61
7.578,-146581.0,-146694.94
7.59,-146445.0,-146669.94
7.601,-146697.0,-146672.64
7.613,-146462.0,-146651.58
7.625,-146354.0,-146621.83
7.636,-146556.0,-146615.23
7.648,-147174.0,-146671.11
7.659,-146732.0,-146677.2
7.671,-146359.0,-146645.39
7.683,-146070.0,-146587.84
7.694,-146205.0,-146549.56
7.706,-146412.0,-146535.81
7.717,-146539.0,-146536.14
7.729,-146691.0,-146551.61
7.741,-146703.0,-146566.73
7.752,-146808.0,-146590.86
7.764,-146578.0,-146589.56
7.775,-146083.0,-146538.91
7.787,-146500.0,-146535.02
7.798,-146991.0,-146580.61
7.81,-146856.0,-146608.14
7.822,-146835.0,-146630.83
7.833,-146767.0,-146644.44
7.845,-146068.0,-146586.78
7.856,-146375.0,-146565.59
7.868,-146067.0,-146515.73
7.88,-145802.0,-146444.36
7.891,-146120.0,-146411.92
7.903,-146716.0,-146442.31
7.914,-147027.0,-146500.78
7.926,-146541.0,-146504.8
7.938,-146088.0,-146463.11
7.949,-146341.0,-146450.89
7.961,-146378.0,-146443.59
7.972,-146822.0,-146481.44
7.984,-146720.0,-146505.3
7.996,-146312.0,-146485.97
8.007,-145909.0,-146428.28
8.019,-146024.0,-146387.86
8.03,-146566.0,-146405.66
8.042,-146480.0,-146413.09
8.054,-146247.0,-146396.48
8.065,-146333.0,-146390.12
8.077,-146563.0,-146407.41
8.088,-146638.0,-146430.45
8.1,-146525.0,-146439.91
8.111,-146330.0,-146428.91
8.123,-146394.0,-146425.42
8.135,-146943.0,-146477.17
8.146,-146810.0,-146510.45
8.158,-146538.0,-146513.2
8.169,-145805.0,-146442.38
8.181,-145749.0,-146373.05
8.193,-145311.0,-146266.83
8.204,-145980.0,-146238.14
8.216,-146433.0,-146257.62
8.227,-146375.0,-146269.36
8.239,-146644.0,-146306.83
8.251,-146126.0,-146288.73
8.262,-145956.0,-146255.45
8.274,-146029.0,-146232.81
8.285,-146149.0,-146224.44
8.297,-146461.0,-146248.08
8.309,-146704.0,-146293.67
8.32,-146414.0,-146305.7
8.332,-146067.0,-146281.83
8.343,-145616.0,-146215.23
8.355,-145250.0,-146118.7
8.366,-145658.0,-146072.62
8.378,-146181.0,-146083.45
8.39,-146411.0,-146116.2
8.401,-146660.0,-146170.58
8.413,-146282.0,-146181.72
8.424,-146290.0,-146192.55
8.436,-146515.0,-146224.78
8.448,-146435.0,-146245.8
8.459,-146550.0,-146276.22
8.471,-146555.0,-146304.09
8.482,-146056.0,-146279.28
8.494,-145784.0,-146229.75
8.506,-145921.0,-146198.86
8.517,-145939.0,-146172.88
8.529,-145759.0,-146131.48
8.54,-145814.0,-146099.73
8.552,-146004.0,-146090.16
8.564,-145801.0,-146061.23
8.575,-145578.0,-146012.91
8.587,-146062.0,-146017.81
8.598,-145803.0,-145996.33
8.61,-145874.0,-145984.09
8.621,-146172.0,-146002.89
8.633,-146312.0,-146033.8
8.645,-145909.0,-146021.31
8.656,-146235.0,-146042.67
8.668,-146589.0,-146097.31
8.679,-146518.0,-146139.38
8.691,-146004.0,-146125.84
8.703,-146178.0,-146131.05
8.714,-145928.0,-146110.73
8.726,-145730.0,-146072.66
8.737,-146080.0,-146073.39
8.749,-146155.0,-146081.55
8.761,-146010.0,-146074.39
8.772,-145578.0,-146024.75
8.784,-145766.0,-145998.86
8.795,-146107.0,-146009.67
8.807,-146014.0,-146010.11
8.819,-146080.0,-146017.09
8.83,-146506.0,-146065.97
8.842,-146595.0,-146118.88
8.853,-146295.0,-146136.48
8.865,-146073.0,-146130.12
8.876,-145779.0,-146095.02
8.888,-145753.0,-146060.81
8.9,-145568.0,-146011.53
8.911,-145848.0,-145995.17
8.923,-145806.0,-145976.25
8.934,-145800.0,-145958.62
8.946,-145898.0,-145952.56
8.958,-145403.0,-145897.59
8.969,-145204.0,-145828.23
8.981,-145630.0,-145808.41
8.992,-145974.0,-145824.97
9.004,-146016.0,-145844.06
9.016,-146522.0,-145911.86
9.027,-146769.0,-145997.58
9.039,-146547.0,-146052.52
9.05,-146419.0,-146089.17
9.062,-146227.0,-146102.95
9.074,-146068.0,-146099.45
9.085,-146034.0,-146092.91
9.097,-145639.0,-146047.52
9.108,-145651.0,-146007.86
9.12,-145829.0,-145989.97
9.131,-145904.0,-145981.38
9.143,-145552.0,-145938.44
9.155,-145620.0,-145906.59
9.166,-145931.0,-145909.03
9.178,-146016.0,-145919.72
9.189,-145631.0,-145890.84
9.201,-146179.0,-145919.66
9.213,-146408.0,-145968.48
9.224,-146186.0,-145990.22
9.236,-145984.0,-145989.59
9.247,-145457.0,-145936.33
9.259,-145815.0,-145924.19
9.271,-145990.0,-145930.77
